Model year,Contract count,Company,Model name
2023,41376,Toyota,Yaris
2022,33576,Nissan,Sunny
2023,31152,Hyundai,Accent
2020,30674,Hyundai,Accent
2022,25168,Hyundai,Accent
2022,23920,Toyota,Yaris
2021,21886,Hyundai,Accent
2022,20952,Kia,Bigas
2023,16874,Nissan,Sunny
2023,15674,jelly,Amigrand
2022,15630,Hyundai,Elantra
2023,15500,Hyundai,Elantra
2019,15004,Hyundai,Accent
2023,14878,Kia,Bigas
2021,14828,Toyota,Yaris
2020,13078,Nissan,Sunny
2021,12334,Hyundai,Elantra
2023,11436,Changan,Ships
2023,11400,Suzuki,Des Air
2019,10576,Toyota,Yaris
2020,10186,Toyota,Corolla
2021,9092,Nissan,Sunny
2019,8782,Hyundai,Elantra
2021,8366,Kia,Bigas
2022,7522,Changan,Ships
2023,7170,Hyundai,E-Ten Sedan
2020,7018,Chevrolet,Spark
2022,6970,Toyota,Corolla
2020,6706,Hyundai,Elantra
2023,6678,Shery,Arezzo 5
2020,6116,Kia,Bigas
2023,5860,Toyota,Corolla
2022,5564,Kia,Seratio
2023,5400,Changan,Edo Plus
2024,4800,Hyundai,Accent
2022,4704,SAIC Motor,MG 5
2022,4626,Hyundai,E-Ten Sedan
2020,4564,Toyota,Yaris
2021,4486,Toyota,Corolla
2021,4398,Kia,Seratio
2019,4386,Nissan,Sunny
2021,3714,Kia,Rio sedan
2020,3466,Kia,Seratio
2023,3292,SAIC Motor,MG 5
2019,3154,Toyota,Corolla
2024,3092,Changan,Ships
2022,3088,Suzuki,Des Air
2018,3000,Hyundai,Accent
2021,2988,Mitsubishi,Atraj
2021,2960,Chevrolet,Spark
2023,2388,Ford,Taurus sedan
2020,2366,Kia,Rio sedan
2023,2244,Toyota,Rise
2022,2224,Hyundai,Kona Wagon
2023,2168,Changan,CS53Plus
2023,1914,Ford,Torres
2019,1810,Kia,Rio sedan
2022,1750,Kia,Rio sedan
2022,1698,Toyota,Rise
2019,1688,Kia,Seratio
2023,1582,GAC,gs3
2023,1526,Kia,Cerato
2023,1510,Kia,Sonnet
2023,1394,Hyundai,Creta pocket
2023,1392,jelly,Colray
2022,1384,Toyota,Camry
2017,1352,Hyundai,Accent
2020,1316,Hyundai,Sonata
2023,1286,Mazda,6sedan
2022,1236,Ford,Torres
2024,1230,Hyundai,E-Ten Sedan
2022,1214,Kia,Sonnet
2023,1212,Suzuki,Baleno
2018,1212,Hyundai,Elantra
2023,1194,Chevrolet,Groove
2023,1184,Kia,Sportage
2022,1184,BYD,F3
2021,1102,Chevrolet,Tahoe
2023,1092,Kia,Seltos
2024,1090,Hyundai,Elantra
2023,1078,Shery,Arezzo 6
2024,1062,Toyota,Corolla
2022,1058,Hyundai,Sonata
2022,1042,Mitsubishi,Atraj
2022,1010,Kia,K5
2020,994,Mitsubishi,Atraj
2018,992,Toyota,Corolla
2022,982,SAIC Motor,MG ZS
2022,982,SAIC Motor,MGGT
2021,974,Hyundai,Kona Wagon
2024,962,Shery,Arezzo 5
2023,950,Hyundai,Grand 01
2022,944,Mitsubishi,Space Star
2022,932,Changan,Edo Plus
2023,922,Hyundai,Sonata
2021,916,Ford,Taurus sedan
2023,890,Jeep,Yukon
2022,864,jelly,Colray
2022,846,Mercedes,S054
2022,838,Changan,CS53Plus
2023,814,Kia,Rio sedan
2019,804,Mitsubishi,Atraj
2021,794,Jeep,Yukon
2019,790,Chevrolet,Spark
2023,778,Chevrolet,Tahoe
2021,776,Hyundai,Creta pocket
2022,740,Nissan,Kickswagon
2017,736,Hyundai,Elantra
2023,730,Toyota,Camry
2022,688,Ford,Taurus sedan
2016,678,Hyundai,Accent
2023,666,Kia,Seratio
2022,646,Toyota,Land Cruiser
2021,616,Toyota,Camry
2023,602,SAIC Motor,MG ZS
2018,586,Nissan,Sunny
2023,582,Hyundai,Kona Wagon
2024,580,jelly,Amigrand
2023,570,Changan,Uni K
2024,554,Suzuki,Des Air
2017,540,Toyota,Yaris
2020,536,Chevrolet,Hatchback
2021,522,Hyundai,Sonata
2021,522,SAIC Motor,MG 5
2023,518,BMW,025 i sedan
2022,514,Mazda,6sedan
2024,508,Hyundai,Grand 01
2020,492,Hyundai,Kona Wagon
2015,488,Toyota,Corolla
2023,488,SAIC Motor,MGGT
2022,478,jelly,Benray
2022,476,Suzuki,Sedan
2017,466,Toyota,Corolla
2021,458,Changan,Ships
2019,452,Toyota,Camry
2018,450,Toyota,Yaris
2022,448,BMW,037 L.E
2022,444,Jeep,Yukon
2021,428,Hyundai,H1
2023,424,Hyundai,Staria
2022,418,Nissan,Altima
2022,400,Hyundai,Creta pocket
2022,386,Chevrolet,Tahoe
2022,380,Nissan,Patrol wagon
2023,376,Kia,K5
2019,358,Hyundai,Sonata
2019,342,Toyota,GXR
2023,340,Mercedes,S054
2022,338,Hyundai,Staria
2020,336,Nissan,Centra
2020,336,Ford,Torres
2023,332,Toyota,Jeep Fortuner
2023,330,Hyundai,Sedan
2017,328,Kia,Seratio
2023,320,Hyundai,Toussaint
2023,318,Chevrolet,Captiva
2023,314,Nissan,Kickswagon
2021,312,Kia,Seltos
2016,304,Nissan,Sunny
2023,300,Changan,CS57Plus
2022,296,Shery,Arezzo 5
2016,296,Hyundai,Elantra
2020,292,Ford,Figo
2019,292,Ford,Taurus sedan
2022,290,Chevrolet,Captiva
2022,288,Toyota,Jeep Fortuner
2022,286,Toyota,Corolla Cross
2021,286,Toyota,Corolla
2021,286,Changan,I.E.D.O
2022,278,SAIC Motor,MG RX
2021,278,Mercedes,S005
2021,270,Mercedes,A002
2021,270,Mazda,CX3
2020,270,Mitsubishi,Sedan
2022,266,Changan,I.E.D.O
2020,264,Renault,Simbol
2021,260,Chevrolet,Superman
2020,260,Toyota,Camry
2021,258,Kia,K5
2021,256,Mitsubishi,Space Star
2022,254,Changan,CS58
2022,246,Mitsubishi,xpander
2022,246,GAC,gs3
2021,246,Toyota,GXR
2020,244,Toyota,GXR
2017,244,Nissan,Sunny
2019,242,Chevrolet,Tahoe
2021,242,Lexus,LX075
2023,240,Toyota,Spray F008
2023,238,Mercedes,C002
2014,234,Hyundai,Elantra
2024,232,Suzuki,Baleno
2023,230,BMW,x2
2020,228,Chevrolet,Tahoe
2022,220,Kia,Sportage
2022,220,jelly,Tugela
2022,220,GAC,GA4
2022,218,Hyundai,Toussaint
2020,218,Hyundai,H1
2020,218,Kia,Sedan
2023,218,Changan,Bonnie in
2020,214,Chevrolet,Malibu
2019,214,Mitsubishi,Sedan
2023,214,Chevrolet,Superman
2022,214,Great Wall,Haval Julian
2018,212,Kia,Rio sedan
2022,212,Kia,Seltos
2023,210,Hyundai,Venue
2015,208,Hyundai,Elantra
2023,208,BMW,537 i
2022,206,Shery,Tigo 2
2021,206,Kia,Sonnet
2020,204,Ford,Taurus sedan
2024,204,Hyundai,KONA
2023,204,jelly,Tugela
2023,204,Toyota,Corolla Cross
2021,202,Suzuki,Sedan
2022,202,BYD,Song Pro
2020,200,Toyota,Corolla
2020,200,Kia,Sportage
2023,198,Hyundai,Creta wagon
2017,196,Toyota,Corolla
2016,194,Toyota,Yaris
2023,188,Changan,uni t
2021,182,land Rover,Wagon
2022,182,Toyota,Corolla
2022,180,Hyundai,Sedan
2020,180,Hyundai,Creta pocket
2022,178,BMW,025 i sedan
2023,176,Mitsubishi,Atraj
2023,174,BMW,025 E
2023,174,Haval,Julian
2023,172,Gator,X07
2023,168,Nissan,X-trail
2021,166,Renault,Simbol
2022,166,Lexus,LX006
2021,164,Kia,Sportage
2021,162,Lexus,ES052
2023,162,Ford,Territory
2024,162,Changan,Uni in
2020,162,Changan,Sedan
2018,160,Mitsubishi,Atraj
2022,160,Audi,A6
2021,158,Changan,Sedan
2021,158,Mercedes,S054
2021,156,Lexus,UX002
2020,154,Hyundai,Toussaint
2023,152,Toyota,Land Cruiser
2019,152,Kia,Picanto
2023,152,Daihatsu,X53
2019,150,Renault,Simbol
2021,148,Hyundai,Toussaint
2023,146,Peugeot,Lure 8002
2020,146,Toyota,Jeep Fortuner
2022,144,Toyota,Rav4
2019,144,Hyundai,H1
2020,142,Toyota,Innova wagon
2023,142,Toyota,Spray wagon
2024,140,Hyundai,Venue
2021,140,Toyota,Two cabins
2018,136,Kia,Seratio
2021,136,Mazda,6sedan
2023,136,Shangan,Sedan
2022,136,Toyota,Hilux
2020,136,jelly,Colray
2017,134,Kia,Rio sedan
2023,134,BMW,023 i
2015,132,Hyundai,Accent
2019,130,Dodge,neon
2022,130,Mercedes,G36 AMG
2022,128,BMW,023 a y
2018,128,Hyundai,Sonata
2018,128,Ford,Taurus sedan
2019,128,Hyundai,Toussaint
2016,126,Kia,Seratio
2018,126,Toyota,Camry
2022,124,Isuzu,With his head down
2021,122,SAIC Motor,MG 6
2023,122,Changan,CS53
2021,122,Chevrolet,Malibu
2023,122,Audi,Q3
2016,120,Toyota,Corolla
2023,120,BMW,Translation Error
2022,116,Toyota,Spray wagon
2019,116,Toyota,Two cabins
2024,116,Hyundai,Creta pocket
2023,114,Toyota,Two cabins
2023,114,Changan,CS58
2024,114,Mazda,6sedan
2021,114,Ford,Torres
2023,112,BMW,812A
2022,112,SAIC Motor,MGRX
2022,112,Changan,CS57Plus
2022,110,Chevrolet,Malibu
2022,110,BMW,X4 03A
2022,110,Shery,Arezzo 3
2019,110,Mercedes,S054
2023,110,Mercedes,A002
2014,110,Hyundai,Accent
2020,110,Honda,City
2021,108,Mercedes,G36
2022,106,Kia,Swint
2021,106,Mitsubishi,With his head down
2019,104,Jeep,Yukon
2022,104,Chevrolet,Superman
2022,104,BMW,Translation Error
2022,104,BMW,025 E
2023,102,jelly,Manjaro
2023,102,Kia,Carens wagon
2021,100,Changan,Wagon the ships
2020,100,Nissan,Kickswagon
2019,96,Kia,Sedan
2020,96,Mercedes,Benz
2016,96,Kia,Rio sedan
2019,96,Hyundai,Santa Fe
2020,96,jelly,Benray
2020,94,Suzuki,Baleno
2020,94,Kia,Optima
2023,94,Toyota,Crossover
2024,94,Toyota,Corolla
2022,94,Toyota,Two cabins
2022,94,Toyota,With his head down
2021,92,Changan,CS53Plus
2017,92,Toyota,Camry
2023,90,Great Wall,Haval Julian
2021,90,Suzuki,Baleno
2024,90,Gator,X07
2022,90,Kia,Sedan
2018,90,Chevrolet,Spark
2021,88,Mercedes,G36 AMG
2019,88,Toyota,Jeep Fortuner
2022,88,GMC,Yukon
2023,88,Toyota,Fellowes
2020,88,Toyota,Spray wagon
2020,86,Mercedes,C002
2023,86,Toyota,Rav4
2020,86,Mercedes,S023
2021,86,Nissan,Altima
2024,86,jelly,Colray
2017,84,Chevrolet,Spark
2023,84,Mitsubishi,Two cabins
2020,84,BMW,037 L.E
2021,84,Audi,A6
2021,82,jelly,Colray
2023,82,Volkswagen,Teramont
2021,82,Hyundai,Santa Fe
2022,82,Kia,K8
2020,82,GAC,gs3
2022,82,BMW,Mini Cooper
2018,80,Toyota,Corolla
2021,80,Toyota,Jeep Fortuner
2021,80,Renault,Megan
2023,78,Shery,Tigo 2
2021,78,Kia,Sedan
2020,78,Land Rover,Rang
2024,78,Toyota,Camry
2022,78,Hyundai,Azira
2020,76,Mazda,6sedan
2021,76,Toyota,With his head down
2021,76,BMW,037 L.E
2021,76,Chevrolet,Hatchback
2019,74,Dodge,Charger
2023,74,Nissan,Patrol wagon
2023,74,Toyota,Urban
2023,74,Renault,Megan
2022,72,Nissan,X-trail
2021,72,Shery,Tiggo 2 Pro
2023,72,Shery,Tiggo 2 Pro
2015,72,Nissan,Sintra
2021,72,Kia,Swint
2022,70,Kia,Carnival
2023,70,Toyota,Corolla
2020,70,BMW,025 E
2023,70,Audi,A6
2020,70,Hyundai,Van
2020,70,Mercedes,G005
2020,70,Suzuki,Sedan
2022,68,BMW,x2
2022,68,Shangan,Sedan
2020,68,GAC,GA4
2019,68,Lexus,LX075
2022,66,Mitsubishi,With his head down
2021,66,Shery,Arezzo 3
2020,66,Toyota,FG
2022,66,Guangzhou Motors,gs3
2023,66,land Rover,Wagon
2020,64,Dodge,neon
2023,64,Isuzu,Two cabins
2022,64,Changan,CS59
2014,64,Kia,Seratio
2019,64,Chevrolet,Superman
2023,64,Honda,City
2021,64,Hyundai,Azira
2017,62,Ford,Taurus sedan
2022,62,Mercedes,C002
2023,62,Kia,Carnival
2022,62,SAIC Motor,Two cabins
2022,62,Kia,Sorrento
2015,60,Kia,Seratio
2020,60,Kia,Sorrento
2022,60,GAC,GS4
2023,60,Genesis,G07
2021,58,Mercedes,G005
2023,56,Shery,Sedan
2023,56,Faw,Piston T77
2022,56,Toyota,Wagon
2015,56,Nissan,Sunny
2023,56,Genesis,G08
2023,56,Hyundai,Azira
2021,54,Toyota,Spray wagon
2021,54,Chevrolet,Captiva
2022,54,Range Rover,pocket
2020,52,BMW,IL037
2020,52,Kia,Oytma
2015,52,Kia,Rio sedan
2021,50,Nissan,Patrol wagon
2021,50,Changan,CS53
2019,50,Nissan,Patrol 2 door
2019,50,GAC,GA3S
2023,50,Volkswagen,T-Rock
2022,50,Toyota,FG
2023,50,JMC,Pick up
2019,50,Kia,Sportage
2022,48,land Rover,Wagon
2023,48,Audi,A4
2023,48,BMW,X4 03A
2023,48,Fiat,Translation Error
2023,48,BMW,023 sedan
2023,48,Mercedes,G36 AMG
2019,48,Toyota,With his head down
2022,46,Mercedes,G36 Station
2022,46,Dodge,Charger
2018,46,Hyundai,H1
2019,46,Mazda,3sedan
2020,46,Land Rover,Evoque
2022,46,Isuzu,Two cabins
2022,46,Changan,Sedan
2021,44,Ford,Bronco
2020,44,Mazda,CX3
2021,44,Mercedes,Yes 002
2020,44,Toyota,Two cabins
2018,44,Hyundai,Toussaint
2021,44,Nissan,Patrol 4 door
2019,44,Chevrolet,Malibu
2021,42,Changan,CS58
2023,42,Changan,Hatchback
2020,42,Changan,I.E.D.O
2020,42,Renault,Sedan
2023,42,Mitsubishi,Space Star
2023,42,Faw,B07
2020,40,Lexus,LX075
2020,40,Honda,Civic
2022,40,Haval,H6
2023,40,Lexus,ES052
2023,40,Hyundai,KONA
2023,40,Suzuki,Siaz
2023,40,GMC,Pick up
2015,40,Toyota,Yaris
2021,40,Toyota,Corolla Cross
2016,38,Toyota,Camry
2022,38,Changan,CS57
2021,38,Mercedes,Benz
2022,38,Lexus,ES052
2019,38,Lexus,AS053
2024,38,Shery,Arezzo 6
2022,38,jelly,Okavango
2023,38,Daihatsu,D05
2020,38,Lexus,ES052
2023,38,Changan,CS59
2023,38,Range Rover,pocket
2021,36,Zutti,T007L
2023,36,Psych Maxus,D06
2023,36,Toyota,Prado
2019,36,Hyundai,Van
2023,36,Isuzu,With his head down
2020,36,SAIC Motor,MG ZS
2018,36,Chevrolet,Superman
2021,36,Volkswagen,T-Rock
2023,36,land Rover,Defender
2022,36,land Rover,Villar
2016,36,Hyundai,Sonata
2016,36,Chevrolet,Superman
2022,34,Lexus,UX002
2022,34,Toyota,Prado
2023,34,Toyota,Bkb
2021,34,Ford,Mustang
2024,34,Volkswagen,T-Rock
2021,34,Nissan,X-trail
2023,34,Changan,Two cabins
2016,34,Jeep,Yukon
2021,34,Mazda,CX03
2023,34,Changan,Sedan
2022,34,Ssangyong,Tivoli
2022,34,Toyota,Innova Vagon
2020,34,Honda,HRV
2022,34,Audi,A8
2019,34,Mercedes,C002
2022,32,Ford,Bronco
2019,32,land Rover,Wagon
2021,32,BMW,Translation Error
2020,32,Hyundai,Genesis G08
2020,32,Chevrolet,Superman
2023,32,Shery,Tiggo 7 Pro
2020,32,Ford,pocket
2023,32,Kia,Picanto
2021,32,Kia,Telluride
2023,32,Isuzu,Two double cabins
2018,32,Toyota,Jeep Fortuner
2019,32,GAC,GA4
2020,32,land Rover,Wagon
2021,32,Kia,Wagon
2023,32,Mini,Cooper
2022,32,Shery,Arezo3
2016,32,Nissan,Navarra
2017,32,Hyundai,H1
2019,30,Hyundai,Kona Wagon
2020,30,Ford,Escort
2019,30,Lexus,ES052
2019,30,Toyota,Corolla
2021,30,Toyota,Avalon
2017,30,Toyota,Innova Vagon
2020,30,Nissan,Sintra
2016,30,Mitsubishi,Lancer EX
2019,30,Toyota,Hilux
2022,30,Changan,Wagon
2018,30,Chevrolet,Tahoe
2021,30,Toyota,FG
2020,30,Nissan,Patrol wagon
2017,30,Hyundai,Sonata
2022,30,Hyundai,Wagon
2021,30,BMW,812A
2023,30,Toyota,Innova Vagon
2014,30,Toyota,Corolla
2020,30,Dodge,Charger
2022,30,Nissan,Patrol 4 door
2022,30,Mitsubishi,Two cabins
2020,28,Mercedes,S054
2020,28,Mercedes,Yes 002
2019,28,Mercedes,G36 AMG
2023,28,land Rover,Range Rover
2019,28,Changan,I.E.D.O
2021,28,Toyota,Hilux
2023,28,BMW,Mini Cooper
2019,28,Kia,Carnival
2021,28,Toyota,Prado
2017,28,Toyota,With his head down
2023,28,BMW,537i
2021,28,BMW,023 a y
2023,28,Changan,Wagon
2021,28,GAC,gs3
2019,28,Lexus,LS005
2016,28,Toyota,With his head down
2022,28,Mercedes,G005
2018,28,Kia,Optima
2024,28,Hyundai,Kona Wagon
2022,28,Hyundai,Genesis
2020,26,Hyundai,Santa Fe
2024,26,Honda,Sedan
2023,26,Nissan,Altima
2018,26,Toyota,GXR
2023,26,BMW,023 a y
2023,26,Mitsubishi,xpander
2021,26,BMW,023 sedan
2018,26,Toyota,Two cabins
2021,26,Dodge,Charger
2020,26,Kia,Cadenza
2020,26,Mercedes,G36 AMG
2022,26,Fiat,Hatchback
2022,26,Shery,Tiggo 2 Pro
2019,26,BMW,037 L.E
2020,26,Toyota,Rav4
2023,26,Jack,gs3
2021,26,Changan,CS57
2019,26,Kia,Oytma
2016,26,Ford,Taurus sedan
2022,26,Shery,Arezzo 6
2021,26,Mercedes,G36 Station
2019,26,Nissan,Sintra
2019,24,Hyundai,Azira
2024,24,Hyundai,Azira
2022,24,Great Wall,Haval H6
2021,24,jelly,Azkarra
2022,24,BMW,Z4
2023,24,Daihatsu,Sedan
2024,24,Ford,Territory
2022,24,Mercedes,A002
2018,24,Mazda,3sedan
2023,24,Toyota,Crown
2022,24,Jack,Hatchback
2023,24,Toyota,GXR
2020,24,Toyota,With his head down
2023,24,Hyundai,Santa Fe
2023,24,BMW,Translation Error
2022,24,Lexus,LX
2022,24,Mazda,CX9
2022,24,Toyota,Highlander
2021,24,General Motors,Yukon
2022,24,Mercedes,Yes 002
2021,24,Mazda,CX9
2023,24,Kia,Swint
2023,22,Lexus,LX006
2023,22,Cadillac,Escalade
2021,22,Chrysler,Wrangler jeep
2023,22,Shery,Tiggo4Pro
2017,22,Jeep,Yukon
2023,22,BMW,x6
2021,22,Toyota,Avanza
2018,22,Kia,Sportage
2020,22,Kia,Carnival
2021,22,pocket,Wrangler
2020,22,Range Rover,pocket
2022,22,Toyota,GXR
2022,22,BMW,x3
2022,22,Rolls-Royce,Collinen
2014,22,Nissan,Sunny
2023,22,Mitsubishi,With his head down
2023,20,Mercedes,AC 054
2022,20,Mercedes,G36
2021,20,Mercedes,Maybach
2023,20,Mini,Wagon
2020,20,Shery,Sedan
2022,20,Ford,Expedition
2023,20,Kia,Sorrento
2022,20,pocket,Wrangler
2022,20,BMW,Mini Cobras
2022,20,Hyundai,Creta wagon
2019,20,Toyota,Rav4
2022,20,Guangzhou Motors,GA4
2021,20,Chrysler,Charger
2019,20,Kia,Optima
2019,20,Kia,Riohatchback
2021,20,Suzuki,Siaz
2021,20,BMW,x2
2022,20,Hyundai,Santa Fe
2022,20,jelly,Azkarra
2020,20,Ford,Mustang
2021,20,Nissan,Xterra
2022,20,Honda,Accord
2020,18,Nissan,Navarra
2023,18,Hyundai,Kona Hybrid
2023,18,Mercedes,G005
2021,18,Lexus,AS053
2022,18,Kia,Telluride
2021,18,Dodge,Challenger
2018,18,Jeep,Yukon
2021,18,GMC,Yukon
2023,18,Toyota,Hilux
2021,18,Toyota,Rav4
2022,18,BMW,023 i
2020,18,BMW,LA 037
2023,18,Mini,Countryman
2016,18,Hyundai,H1
2019,18,Mazda,6sedan
2023,18,Lexus,ES052
2021,18,GAC,GA4
2018,18,Dodge,neon
2017,18,Hyundai,Toussaint
2023,18,Opel,X53 wagon
2020,18,Jeep,Yukon
2021,18,Great Wall,Haval H2
2021,18,SAIC Motor,MG ZS
2022,18,Chevrolet,Groove
2022,18,Mercedes,Benz
2023,18,Mercedes,G36
2016,16,Nissan,Two cabins
2019,16,Chevrolet,Impala
2023,16,Fiat,005 C
2022,16,Range Rover,Spur
2022,16,Toyota,Pickup pocket
2016,16,Toyota,Two cabins
2016,16,Toyota,Corolla
2022,16,Hyundai,Balacid Wagon
2022,16,Guangzhou Motors,GS4
2019,16,GMC,Yukon
2013,16,Toyota,Two cabins
2019,16,Toyota,Avalon
2024,16,LinkCo,30 plus
2023,16,Mazda,CX5
2023,16,land Rover,Evoque
2018,16,Nissan,Sintra
2023,16,Nissan,tank
2022,16,Shery,Tiggo 7 Pro
2021,16,Mercedes,SL005
2024,16,Kia,Sportage
2022,16,Lexus,LS006
2022,16,BMW,IL037
2022,16,Toyota,Land Cruiser07
2020,16,Suzuki,Swift
2021,16,Hyundai,Wagon
2017,16,Toyota,GXR
2022,16,Toyota,Innova wagon
2023,16,BMW,x1
2022,16,Isuzu,Two double cabins
2023,16,Haima,Sedan
2020,16,Hyundai,Wagon
2018,14,Mazda,6sedan
2019,14,BMW,037 sedan
2021,14,BMW,LA 037
2022,14,Jack,gs3
2021,14,jelly,Tugela
2023,14,Toyota,Innova wagon
2020,14,Toyota,Prado
2022,14,BMW,812A
2023,14,Kia,Sedan
2024,14,Faw,Honshi H5
2023,14,Mercedes,GLA002
2021,14,Shery,Tigo 2
2023,14,Chevrolet,Tahoe
2021,14,Chrysler,Doug
2020,14,Mercedes,G36 Station
2019,14,Lexus,AS053
2022,14,BMW,X6
2018,14,Toyota,With his head down
2016,14,Toyota,GXR
2022,14,Porsche,Cayenne
2020,14,Toyota,Hilux
2021,14,Hyundai,Genesis
2024,14,Hyundai,Grandeur
2023,14,GMC,Yukon
2016,14,Renault,Simbol
2018,14,Chevrolet,Malibu
2016,14,Chevrolet,Spark
2016,14,Kia,Sportage
2021,14,land Rover,Evoque
2019,14,Mercedes,Wagon
2021,12,Nissan,Sedan
2021,12,Mercedes,CLA002
2023,12,Lamborghini,Huircan
2017,12,Renault,Duster
2023,12,Suzuki,Swift
2017,12,Toyota,Jeep Fortuner
2020,12,Hyundai,Sedan
2021,12,Suzuki,Jimny
2020,12,Rolls-Royce,Collinen
2022,12,BMW,024i coupe
2022,12,BMW,Translation Error
2023,12,Changan,CS57
2019,12,Chevrolet,Trailverse
2022,12,Mercedes,AMG 35
2012,12,Hyundai,Accent
2020,12,Hyundai,Galloper 2 door
2016,12,Hyundai,E-Ten Sedan
2021,12,Nissan,Kickswagon
2021,12,Chrysler,pocket
2019,12,Kia,Cadenza
2020,12,Lamborghini,Urs
2019,12,MG,Translation Error
2019,12,Toyota,LX
2021,12,BMW,Z4
2022,12,Renault,Megan
2022,12,Shery,Wagon
2017,12,Chevrolet,Tahoe
2022,12,Shery,Tiggo4Pro
2022,12,SAIC Motor,MG 6
2022,12,BMW,Mini
2022,12,BMW,x6
2015,12,Toyota,With his head down
2023,12,Toyota,With his head down
2021,12,Toyota,Pickup pocket
2021,12,BMW,Translation Error
2021,12,Porsche,Panamera
2023,12,Mercedes,CLA002
2023,12,Lexus,AS003
2024,12,LinkCo,Translation Error
2022,12,Suzuki,Baleno
2019,12,Ford,Torres
2013,12,Hyundai,Accent
2021,10,Fiat,Translation Error
2020,10,Cadillac,Escalade 4*4
2023,10,Cadillac,XT4
2021,10,Changan,Wagon
2020,10,Mercedes,CLA002
2019,10,Mercedes,Translation Error
2023,10,Daihatsu,X7
2020,10,Isuzu,With his head down
2020,10,BMW,Translation Error
2020,10,Renault,Sing
2023,10,pocket,Wrangler
2023,10,Shery,G-Tour X07
2022,10,SAIC Motor,MGHS
2021,10,Renault,Duster
2016,10,Toyota,FG
2022,10,BYD,Tang
2021,10,Lexus,AS003
2020,10,Fiat,Translation Error
2017,10,Chevrolet,Superman
2023,10,Mercedes,GLC002
2022,10,Mercedes,i.e. 003
2021,10,Mitsubishi,Sedan
2021,10,Hyundai,Santa Fe Jeep
2021,10,Fiat,005 C
2021,10,Ford,Wagon
2023,10,LinkCo,Translation Error
2023,10,Mercedes,S005
2022,10,Bentley,Bentayga
2022,10,MG,GS1 wagon
2023,10,Peugeot,Mini van
2018,10,Dodge,Charger
2021,10,Range Rover,regiment
2019,10,Land Rover,Station
2023,10,jelly,Okavango
2023,10,Gator,X07 Plus
2019,10,Hyundai,Genesis G08
2015,10,Toyota,Corolla
2019,10,Toyota,Spray F008
2023,10,Daihatsu,PJ04L
2022,10,BMW,x1
2020,10,Dodge,Challenger
2019,10,Chevrolet,Hatchback
2020,10,Ford,Eco Sport
2020,10,Mercedes,Van
2017,10,Nissan,Station
2020,10,Mercedes,GLC002
2019,10,Nissan,Patrol wagon
2018,10,Mercedes,S054
2018,10,Lexus,LX075
2021,8,Mercedes,AMG
2019,8,Mercedes,Benz
2020,8,Mercedes,CLA052
2021,8,land Rover,Villar
2021,8,Renault,Van
2020,8,jelly,Amigrand
2024,8,BMW,024i coupe
2021,8,BMW,Translation Error
2017,8,Hyundai,Creta pocket
2023,8,Hyundai,Santa Fe Jeep
2021,8,Jeep,Walk
2018,8,Toyota,Hilux
2021,8,Rolls-Royce,Sedan
2021,8,Land Rover,land Rover
2022,8,SAIC Motor,Wagon
2022,8,Toyota,Avalon
2020,8,Mercedes,i.e. 003
2023,8,Mercedes,CLA002
2020,8,Mercedes,Coupe
2022,8,Nissan,Urvan
2022,8,Lexus,Wagon
2019,8,Mazda,CX9
2024,8,Mazda,CX9
2019,8,Lamborghini,Urs
2023,8,Kia,Carnes
2022,8,Ford,Mustang
2021,8,Faw,Honshi H9
2022,8,Ford,F051
2021,8,Shery,Arezo3
2020,8,Shangan,Sedan
2013,8,Nissan,Sunny
2020,8,Toyota,Avalon
2015,8,Toyota,Camry
2023,8,Porsche,What was
2022,8,MG,Wagon
2021,8,Great Wall,Two cabins
2020,8,GMC,Yukon
2016,8,Land Rover,Station
2019,8,Rolls-Royce,Sedan
2019,8,Rolls-Royce,Coupe
2023,8,Great Wall,Pick up
2019,8,GAC,GS4
2014,8,Toyota,Yaris
2021,8,Porsche,What was
2022,8,BMW,023 sedan
2024,8,BMW,812A
2020,8,Isuzu,Two cabins
2023,8,MG,Sedan
2022,8,Daihatsu,X53
2020,8,Bentley,Flying Spur
2022,8,BYD,Song Max
2020,8,Mercedes,A002
2021,8,Lexus,AS053
2021,8,Lamborghini,Urs
2022,8,SAIC Motor,Sedan
2021,8,Suzuki,Spaz
2021,8,Changan,CS59
2021,8,Cadillac,CT4
2021,8,Kia,Riohatchback
2022,8,Chevrolet,Komaru
2020,8,Nissan,tank
2021,6,Hyundai,Balacid Wagon
2018,6,Ford,Figo
2018,6,Kia,Picanto
2021,6,Chrysler,003S
2018,6,Changan,pocket
2023,6,Suzuki,container
2023,6,Changan,Uni in
2017,6,Kia,Sing
2015,6,Mazda,3sedan
2020,6,Lamborghini,Huircan
2019,6,Mercedes,E36 AMG
2017,6,Nissan,Patrol 4 door
2022,6,BMW,X4
2020,6,Bentley,Bentayga
2016,6,Toyota,Hilux
2022,6,Great Wall,Wagon
2023,6,Renault,Van
2022,6,SAIC Motor,MG 063
2022,6,GAC,GN 6
2021,6,Rolls-Royce,Collinen
2021,6,Toyota,Highlander
2019,6,Toyota,Wagon
2020,6,Suzuki,Jimny 2 door
2022,6,Shery,Tigo8Pro
2023,6,Shery,Tigo8Pro
2023,6,Buick,Buick sedan
2022,6,MG,Sedan
2023,6,BMW,Translation Error
2020,6,Honda,Civic coupe
2014,6,Nissan,With his head down
2018,6,Nissan,Patrol 4 door
2020,6,Nissan,Patrol 4 door
2022,6,Hyundai,A rich sedan
2023,6,Mercedes,Yes 002
2023,6,Mercedes,Sedan
2021,6,Mercedes,C002
2021,6,Ford,Expedition
2018,6,Chrysler,Doug
2023,6,Ford,Sedan
2017,6,Kia,Oytma
2023,6,Lexus,AS053
2022,6,Lexus,NX053
2023,6,Hyundai,Van
2019,6,Changan,pocket
2018,6,Chevrolet,Impala
2020,6,Chrysler,pocket
2022,6,Lamborghini,Urs
2022,6,land Rover,Evoque
2020,6,Nissan,Altima
2021,6,Toyota,Innova wagon
2023,6,BMW,Sedan
2022,6,Opel,BJ04L
2016,6,Isuzu,Two cabins
2020,6,BMW,025 i sedan
2020,6,SAIC Motor,MGRX
2020,6,Range Rover,Station
2017,6,Rolls-Royce,Sedan
2021,6,Great Wall,A cloud
2020,6,Toyota,Wagon
2022,6,Hyundai,Santa Fe Jeep
2017,6,Hyundai,Van
2022,6,BMW,034i coupe
2015,6,Toyota,Innova Vagon
2021,6,Toyota,Checked pocket
2013,6,Toyota,With his head down
2024,6,Toyota,Innova wagon
2019,6,GAC,gs3
2023,6,Genesis,GV07
2022,6,Great Wall,Two cabins
2021,6,General Motors,Wagon
2021,6,Great Wall,Haval Julian
2022,6,Great Wall,Haval H9
2023,6,Suzuki,Carry pickup
2020,6,Changan,Ships
2020,6,Changan,Wagon
2021,6,land Rover,Defender
2014,6,Kia,Rio sedan
2020,6,Ford,Lincoln wagon
2021,6,Chevrolet,Silverado
2022,6,Mercedes,pocket
2024,6,Honda,City
2021,6,Mitsubishi,Oxide 0003
2018,6,Lexus,ES052
2023,6,Mazda,CX03
2023,4,Lucid,Electric
2019,4,Lexus,AS003
2024,4,Nissan,Sunny
2023,4,Mercedes,CLS053
2020,4,Chevrolet,Corvette
2021,4,Cadillac,Escalade
2022,4,Cadillac,Escalade 4*4
2021,4,Lexus,RX053
2022,4,Lamborghini,Huircan
2023,4,Kia,Kaditra
2023,4,Kia,Cadenza
2021,4,Suzuki,Vitara
2020,4,Changan,pocket
2021,4,Land Rover,Rang
2022,4,Land Rover,Wagon
2021,4,Guangzhou Motors,GS5
2023,4,Toyota,Sedan
2022,4,Toyota,Van
2021,4,Toyota,VXR
2017,4,Toyota,Avanza
2022,4,Opel,X53 wagon
2019,4,Hyundai,Wagon
2023,4,Hyundai,Grandio
2024,4,Toyota,Hilux
2021,4,pocket,Grandcherokee
2023,4,Arcfox,Bkb
2022,4,Renault,Megani
2020,4,Renault,Duster
2024,4,BMW,537 i
2022,4,Audi,Q8
2023,4,Audi,Q8
2021,4,Toyota,GX
2016,4,Mercedes,SL004
2021,4,Mercedes,Yes 003
2017,4,Mercedes,AS004
2019,4,Maserati,Ghibli sedan
2022,4,Chrysler,Wrangler jeep
2022,4,Chevrolet,Camaro
2021,4,Chevrolet,Corvette
2022,4,Shery,Arezzo 7
2019,4,Lexus,Sedan
2021,4,Mazda,CX5
2022,4,land Rover,Defender
2023,4,Fiat,Hatchback
2015,4,Kia,Optima
2020,4,Ford,F051
2022,4,Chevrolet,Corvette
2020,4,Mercedes,C081
2022,4,Mercedes,CLS005
2020,4,Mercedes,G36
2017,4,Mercedes,AS 004
2019,4,Mitsubishi,ASX
2019,4,Honda,Accord
2023,4,BMW,537i.e
2021,4,BMW,024i coupe
2021,4,Isuzu,Two cabins
2022,4,Toyota,VXR
2014,4,Toyota,Two cabins
2024,4,Toyota,Two cabins
2016,4,Toyota,GX
2023,4,Toyota,FG
2020,4,Toyota,Innova Vagon
2021,4,Shangan,Sedan
2019,4,Changan,Sedan
2023,4,ZXAuto,Two cabins
2021,4,SAIC Motor,MGRX
2015,4,Jeep,Yukon
2022,4,Dongfeng,pocket
2023,4,jelly,Sedan
2021,4,Range Rover,pocket
2023,4,Genesis,JV08
2019,4,Dodge,Archer
2022,4,Great Wall,Pick up
2021,4,Guangzhou Motors,Wagon
2015,4,Toyota,Hilux
2021,4,Toyota,Cressida
2021,4,Audi,Q3
2020,4,BMW,x2
2022,4,Tesla,Sedan
2018,4,Toyota,Innova Vagon
2021,4,Toyota,Innova Vagon
2012,4,Toyota,With his head down
2023,4,Cherry,Tigu
2021,4,Nissan,Urvan
2022,4,Mercedes,CLS053
2021,4,Mercedes,CLA052
2015,4,Mercedes,C002
2015,4,Mercedes,AS 004
2019,4,Mercedes,GLE34
2021,4,Mitsubishi,xpander
2020,4,Mitsubishi,Two cabins
2018,4,land Rover,Wagon
2016,4,Kia,Carnival
2022,4,Kia,Cerato
2021,4,Chevrolet,Traverse
2019,4,Chrysler,Charger
2021,4,Ford,Ranger
2013,4,Hyundai,Elantra
2018,4,Hyundai,Azira
2019,4,Hyundai,Sedan
2021,2,Hyundai,Genesis G08
2021,2,Honda,Civic coupe
2015,2,Nissan,With his head down
2016,2,Nissan,With his head down
2020,2,Nissan,Sedan
2021,2,Ford,F051
2023,2,Chevrolet,Cruz
2015,2,Chevrolet,Superman
2023,2,Fiat,Van
2016,2,Chrysler,003 LIMITED
2023,2,Kia,Telluride
2021,2,Chevrolet,Crane
2023,2,Suzuki,Sedan
2020,2,Kia,Stinger
2021,2,Kia,Carnival
2023,2,Kia,K8
2017,2,Kia,Cadenza
2024,2,land Rover,Defender
2016,2,Mazda,3sedan
2022,2,Mercedes,GLP002
2016,2,Mercedes,AS 004
2019,2,Mercedes,Yes 002
2021,2,Mercedes,four wheel drive
2019,2,Mercedes,Van
2019,2,Toyota,Prado
2010,2,Toyota,Two cabins
2015,2,Toyota,Two cabins
2023,2,Cherry,iFive
2024,2,BMW,537i
2023,2,BMW,Translation Error
2018,2,Bentley,Bentayga
2018,2,Bentley,Flying Spur
2020,2,Porsche,Boxster
2022,2,Porsche,Carrera S
2022,2,Porsche,Caiman
2019,2,Toyota,Hi Ace
2022,2,Guangzhou Motors,Sedan
2020,2,Jeep,With his head down
2019,2,Jeep,Walk
2021,2,Renault,Megani
2023,2,Renault,Duster
2023,2,SAIC Motor,MGRX
2022,2,Dongfeng,Sedan
2023,2,jelly,Azkarra
2018,2,Land Rover,Station
2016,2,Rolls-Royce,Sedan
2022,2,GAC,GE3
2021,2,Dodge,Durango
2021,2,Dodge,Archer
2022,2,Jeep,Walk
2023,2,Jeep,Walk
2021,2,Great Wall,Haval H9
2013,2,Toyota,Corolla
2017,2,Renault,Simbol
2019,2,Renault,Van
2022,2,Changan,Two cabins
2023,2,Shery,G-Tour X09
2011,2,Toyota,Two cabins
2016,2,Toyota,Avanza
2021,2,BMW,Mini
2020,2,BMW,M058A
2018,2,Isuzu,With his head down
2021,2,Isuzu,With his head down
2019,2,MG,Wagon
2023,2,MG,Translation Error
2020,2,Audi,A6
2019,2,Bentley,Bentayga
2021,2,Bentley,Flying Spur
2023,2,BMW,024 i sedan
2024,2,BMW,034 i sedan
2017,2,BMW,037 L.E
2018,2,BMW,037 L.E
2021,2,BMW,X7
2023,2,BMW,X7
2019,2,Honda,Odyssey 5 door
2020,2,Nissan,Patrol 2 door
2010,2,Nissan,Two cabins
2023,2,Hyundai,H1
2021,2,Mitsubishi,Two cabins
2023,2,Mercedes,E36 AMG
2021,2,Mercedes,AMG
2022,2,Mercedes,GL005
2019,2,Mercedes,GLE 36
2018,2,Mercedes,Benz
2020,2,Mercedes,pocket
2022,2,Mercedes,four wheel drive
2019,2,Mercedes,Coupe
2023,2,Chevrolet,Corvette
2023,2,Chevrolet,Komaru
2016,2,Chevrolet,Malibu
2018,2,Ford,Torres
2018,2,Kia,Riohatchback
2017,2,Kia,Sportage
2020,2,Ford,Ranger
2020,2,Chrysler,Wrangler jeep
2023,2,Fiat,Ducato
2016,2,Mazda,6sedan
2020,2,Lamborghini,Hor Akan
2016,2,Lexus,LX075
2018,2,Kia,Mojave
2016,2,Hyundai,Van
2021,2,Hyundai,Creta wagon
2016,2,Hyundai,Sedan
2024,2,Hyundai,Genesis
2017,2,Changan,I.E.D.O
2022,2,Chevrolet,Traverse
2023,2,Shery,Tego 3
2022,2,Kia,Joyce
2012,2,Kia,Rio sedan
2016,2,Kia,Picanto
2022,2,Kia,Picanto
2020,2,Cadillac,Escalade
2023,2,Maxus,D06
2019,2,Lexus,RX053
2023,2,Kia,Loptma
2020,2,Mitsubishi,Pajero 2 door
2022,2,Nissan,Xterra
2017,2,Nissan,Altima
2023,2,Haval,H6
2023,2,Nissan,Sedan
2015,2,Toyota,GXR
2015,2,Toyota,Jeep Fortuner
2016,2,Toyota,VXR
2014,2,Toyota,Camry
2019,2,BMW,Mini Cobras
2023,2,Tesla,Small car
2021,2,Peugeot,Van
2023,2,Peugeot,Passenger van
2017,2,Toyota,Two cabins
2019,2,Toyota,Innova Vagon
2021,2,Aston Martin,Vantage
2022,2,Daihatsu,D05
2022,2,Porsche,What was
2022,2,Porsche,Boxster
2023,2,Porsche,Boxster
2015,2,BMW,IL037
2022,2,BMW,X7
2020,2,BMW,Z4
2018,2,BMW,024 i sedan
2022,2,BMW,057 L.I
2013,2,Renault,Sedan
2020,2,SAIC Motor,MGHS
2022,2,SAIC Motor,T06 pickup
2023,2,Suzuki,motorcycle
2021,2,Genesis,GV07
2018,2,Rolls-Royce,Sedan
2022,2,Rolls-Royce,Phantom
2017,2,Rolls-Royce,Coupe
2020,2,GMC,Wagon
2022,2,Guangzhou Motors,Sedan
2023,2,Hyundai,Van his goods
2022,2,Hyundai,Cuban
2020,2,Hyundai,Genesis G09
2022,2,Hyundai,Genesis JV
2019,2,Hyundai,Santa Fe Jeep
2017,2,Honda,City
2024,2,Hyundai,Sedan
2018,2,Hyundai,Santa Fe Jeep
2023,2,Hyundai,E04 Sedan
2020,2,Porsche,Carrera
2021,2,Porsche,Cayenne
2021,2,Porsche,entity
2023,2,Audi,Q5
2019,2,Isuzu,Two cabins
2021,2,MG,Sedan
2021,2,Isuzu,Two double cabins
2016,2,Toyota,Innova Vagon
2023,2,BMW,Translation Error
2021,2,BMW,025 i sedan
2021,2,BMW,023 i
2015,2,Toyota,Prado
2020,2,Great Wall,Wagon
2023,2,Great Wall,Wingle7
2021,2,Great Wall,Pick up
2015,2,Land Rover,Station
2020,2,pocket,Grandcherokee
2019,2,pocket,Wrangler
2021,2,Renault,Sedan
2016,2,Renault,Van
2022,2,Renault,Coleus
2023,2,SAIC Motor,RX5
2023,2,Kia,Nero
2015,2,Lamborghini,Coupe
2023,2,land Rover,Sport
2017,2,Kia,Picanto
2022,2,Fiat,Translation Error
2017,2,Kia,Sedan
2021,2,Kia,Cadenza
2022,2,Chrysler,Two cabins
2015,2,Ford,Taurus sedan
2018,2,Chevrolet,Komaru
2018,2,Mercedes,Sedan
2022,2,Mercedes,In 052
2023,2,Nissan,Xterra
2019,2,Nissan,Altima
2014,2,Hyundai,H1
2018,2,Lexus,AS053
2020,2,Lexus,LS005
2020,2,Lexus,AS053
2019,2,Lexus,GS053
2021,2,Lexus,Wagon
